{"cameraMode":{"drawMode":0,"name":"Shaded","section":"Shading Mode"},"sceneLighting":false,"audioPlay":false,"sceneViewState":{"showFog":true,"showMaterialUpdate":true,"showSkybox":false,"showFlares":true,"showImageEffects":true,"showParticleSystems":true},"in2DMode":false,"pivot":{"x":-3.9113881587982179,"y":5.948366641998291,"z":2.0240495204925539},"rotation":{"x":-0.14593474566936494,"y":-0.36669740080833437,"z":0.05833608657121658,"w":-0.917014479637146},"size":3.0148582458496095,"orthographic":false}