{"cameraMode":{"drawMode":0,"name":"Shaded","section":"Shading Mode"},"sceneLighting":true,"audioPlay":false,"sceneViewState":{"showFog":true,"showMaterialUpdate":true,"showSkybox":true,"showFlares":true,"showImageEffects":true,"showParticleSystems":true},"in2DMode":false,"pivot":{"x":0.28324007987976076,"y":-0.1467944085597992,"z":0.4034196138381958},"rotation":{"x":0.09846428781747818,"y":0.8452466726303101,"z":-0.16725967824459077,"w":0.49808469414711},"size":1.3131518363952637,"orthographic":false}