{"cameraMode":{"drawMode":0,"name":"Shaded","section":"Shading Mode"},"sceneLighting":false,"audioPlay":false,"sceneViewState":{"showFog":true,"showMaterialUpdate":true,"showSkybox":false,"showFlares":true,"showImageEffects":true,"showParticleSystems":true},"in2DMode":false,"pivot":{"x":-3.30340576171875,"y":6.150627136230469,"z":1.1750128269195557},"rotation":{"x":-0.10653591901063919,"y":-0.5447404980659485,"z":0.06998661905527115,"w":-0.8289094567298889},"size":4.759657382965088,"orthographic":false}